model,r2_mean,r2_std,rmse_mean,rmse_std,mae_mean,mae_std
Weighted_Ensemble_scaffold,0.7137610673904419,0.02145732916789702,0.6488834461423647,0.029568479762220035,0.4961831569671631,0.02255929060039387
PyTorch_MLP_rich_scaffold,0.6944585919380188,0.026071219784884067,0.6698430914449524,0.01999897608739542,0.5111349642276763,0.01871203086667192
XGB_rich_scaffold,0.6847462177276611,0.023405434328354107,0.6811363589050303,0.034686382093805423,0.5241468191146851,0.025151938981890377
CatBoost_rich_scaffold,0.674995827420942,0.02338375672979822,0.6914255370892997,0.02953443303010166,0.5312599472574243,0.020128002470711868
XGB_baseline_scaffold,0.6471657156944275,0.031070769151375962,0.7200201304049662,0.029910694780099806,0.5518534421920777,0.023404530556296668
