{
  "best_model": "Weighted_Ensemble_rich",
  "mlp_device": "cuda",
  "split_strategy": "stratified_random_split",
  "dataset_summary": {
    "n_molecules": 4200,
    "target_name": "experimental lipophilicity (logD)",
    "target_min": -1.5,
    "target_max": 4.5,
    "target_mean": 2.1863357142857143,
    "target_std": 1.2030037133871043,
    "split_stats": {
      "test": {
        "count": 631,
        "mean": 2.1853,
        "std": 1.2072,
        "min": -1.48,
        "max": 4.48
      },
      "train": {
        "count": 2939,
        "mean": 2.1865,
        "std": 1.2059,
        "min": -1.5,
        "max": 4.5
      },
      "valid": {
        "count": 630,
        "mean": 2.1866,
        "std": 1.1869,
        "min": -1.34,
        "max": 4.5
      }
    }
  },
  "ensemble_weights": {
    "XGB_rich_desc_fp_maccs": 0.379844824828112,
    "CatBoost_rich_desc_fp_maccs": 0.1420896288396818,
    "PyTorch_MLP_rich_desc_fp_maccs": 0.4780655463322062
  },
  "test_metrics": {
    "RF_basic_desc": {
      "r2": 0.47281403584565473,
      "rmse": 0.8758317431476528,
      "mae": 0.6577659332610474
    },
    "SVR_basic_desc": {
      "r2": 0.4801656612305917,
      "rmse": 0.8697035526420702,
      "mae": 0.6615233919279717
    },
    "XGB_baseline_desc_fp": {
      "r2": 0.6834608316421509,
      "rmse": 0.6786603730391735,
      "mae": 0.5075300335884094
    },
    "XGB_rich_desc_fp_maccs": {
      "r2": 0.7042986750602722,
      "rmse": 0.6559419363016312,
      "mae": 0.48101022839546204
    },
    "CatBoost_rich_desc_fp_maccs": {
      "r2": 0.6972793220246782,
      "rmse": 0.6636816431831869,
      "mae": 0.4862260413378563
    },
    "PyTorch_MLP_rich_desc_fp_maccs": {
      "r2": 0.6966718435287476,
      "rmse": 0.6643472846235163,
      "mae": 0.4634060263633728
    },
    "Weighted_Ensemble_rich": {
      "r2": 0.7231979370117188,
      "rmse": 0.6346341275679611,
      "mae": 0.45173126459121704
    }
  },
  "improvement_vs_baseline": {
    "baseline_best_model": "XGB_desc_fp",
    "baseline_best_rmse": 0.6786603730391735,
    "enhanced_best_model": "Weighted_Ensemble_rich",
    "enhanced_best_rmse": 0.6346341275679611,
    "rmse_gain": 0.044026245471212366,
    "r2_gain": 0.03973710536956787
  }
}